{"1":{"dia":"2024-01-31","hora":"8","trabajador":"1"},"2":{"dia":"2024-01-31","hora":"13","trabajador":"1"},"3":{"dia":"2024-01-30","hora":"8","trabajador":"1"},"4":{"dia":"2024-01-30","hora":"13","trabajador":"1"},"5":{"dia":"2024-01-29","hora":"11","trabajador":"1"},"6":{"dia":"2024-01-31","hora":"11","trabajador":"1"},"7":{"dia":"2024-01-24","hora":"13","trabajador":"1"},"8":{"dia":"2024-01-24","hora":"12","trabajador":"1"},"9":{"dia":"2024-01-25","hora":"9","trabajador":"1"},"10":{"dia":"2024-01-27","hora":"8","trabajador":"1"},"11":{"dia":"2024-01-25","hora":"8","trabajador":"1"},"12":{"dia":"2024-01-25","hora":"11","trabajador":"1"}}